Sequence,Class,PC 1,PC 2,t_SNE_1,t_SNE_2,class,DBSCAN,Gaussian_Mixture,BIRCH,k-means
ACGCCAACACATTCCGCT,bind motif,-1.751493458,0.334942112,-11.390504,18.33678,1.0,0,8,2,3
AACGACACACATTCCGCT,bind motif,-1.829300206,0.545731277,-14.34114,13.977891,1.0,0,8,2,3
ACACACTCCCATTCCGCT,bind motif,-1.673435124,0.26613042,-13.7681875,4.384077,1.0,0,0,1,3
ACACTCTCCCATTCCGCT,bind motif,-1.710494979,0.32979087,-20.873362,4.012768,1.0,0,0,1,3
TCCACACCACATTCCGCT,bind motif,-1.788542755,0.259838265,1.0062029,4.9647384,1.0,0,3,6,4
ACCACACCTCATTCCGCT,bind motif,-0.973728672,-1.823553292,11.029542,16.998158,1.0,0,5,0,5
ACACGAACCCATTCCGCT,bind motif,-1.480678648,-0.490019016,-4.077551,16.179823,1.0,0,8,2,5
AGACACACATTCCGCTCT,bind motif,1.596741117,1.886699356,-12.876649,-26.759956,1.0,1,4,4,1
GCACCACCTCATTCCGCT,bind motif,-0.984611184,-1.843618746,7.27198,10.834285,1.0,0,5,0,5
ACGGACACTCATTCCGCT,bind motif,-1.049152695,-1.725541023,13.717722,17.982084,1.0,0,5,0,5
ATGCCACCACATTCCGCT,bind motif,-1.812385469,0.385989884,-6.883072,20.407051,1.0,0,8,2,3
ACACCGCCTCATTCCGCT,bind motif,-1.175311905,-1.629685139,7.4876146,18.821823,1.0,0,5,0,5
TACCTACCCCATTCCGCT,bind motif,-1.544798409,-0.215010361,-0.74361223,10.024219,1.0,0,3,0,5
ATGCCCTCACATTCCGCT,bind motif,-1.990852557,0.93822111,-12.074253,1.9081566,1.0,0,3,1,4
AGGCCACATTCCGCTCAG,bind motif,2.076108854,-1.955961136,10.88543,-35.676243,1.0,2,2,3,2
ACCACCACATTCCGCTCT,bind motif,1.595968745,1.930735137,-12.333528,-25.894936,1.0,1,4,4,1
GACATGACCCATTCCGCT,bind motif,-1.692650993,-0.421860012,-3.3858054,11.104029,1.0,0,3,0,4
AGCACATTCCGCTCTCCG,bind motif,1.149644426,0.818547054,-22.620514,-9.093352,1.0,3,6,8,1
ACACCACATTCCGCTCCA,bind motif,3.188963834,-1.703277334,11.718554,-31.171885,1.0,2,2,3,2
AACACCACTCATTCCGCT,bind motif,-1.024259861,-1.912742225,9.759567,16.55123,1.0,0,5,0,5
TAAACCACGCATTCCGCT,bind motif,-1.297770075,-1.36531598,3.9434438,7.1629753,1.0,0,3,0,5
AGCCACACATTCCGCTCG,bind motif,2.014545421,2.068030284,-10.439355,-26.58744,1.0,1,4,4,1
ACACCTACCCATTCCGCT,bind motif,-1.769750884,-0.332696544,-7.804146,10.69285,1.0,0,8,0,3
ACTACACATTCCGCTCTC,bind motif,3.212603933,-1.801258281,10.4834175,-29.07098,1.0,2,2,3,2
AGCACATTCCGCTCCACT,bind motif,0.275297862,0.930068981,-21.052452,-8.912501,1.0,3,6,8,1
AGCATCACACATTCCGCT,bind motif,-1.870302129,0.160136683,-5.912117,17.30933,1.0,0,8,2,3
AACCCACATTCCGCTCAC,bind motif,2.532497425,-1.6835843,10.866231,-32.277325,1.0,2,2,3,2
AACATGTCACATTCCGCT,bind motif,-2.065869121,1.154037157,-19.467207,2.9491875,1.0,0,0,1,3
ACCATAGCCCATTCCGCT,bind motif,-1.570390962,-0.050921585,-22.20279,7.0034804,1.0,0,0,1,3
GACCATACACATTCCGCT,bind motif,-2.031523187,0.442882347,-6.960199,7.6690636,1.0,0,3,0,4
AACCCTCATTCCGCTCTA,bind motif,3.355986071,-1.373154453,9.703333,-26.334862,1.0,2,2,3,2
ACCACTCATTCCGCTCTA,bind motif,3.354015036,-1.597781976,9.08455,-27.080858,1.0,2,2,3,2
AACCTGACCCATTCCGCT,bind motif,-1.69137836,-0.199982667,-7.5844173,14.458928,1.0,0,8,2,3
AGCCCACATTCCGCTCCG,bind motif,2.317374879,-2.007197314,12.422344,-34.521164,1.0,2,2,3,2
GGCCACTCACATTCCGCT,bind motif,-1.969456765,0.867618722,-6.786224,-0.6924192,1.0,0,3,6,4
AACAGCTCACATTCCGCT,bind motif,-1.953040663,1.073302799,-18.532614,4.182662,1.0,0,0,1,3
AACCGTACACATTCCGCT,bind motif,-2.04598013,0.580227839,-8.764175,12.883303,1.0,0,8,2,3
ATCAACACACATTCCGCT,bind motif,-1.844190301,-0.001179137,-4.360706,21.504892,1.0,0,8,2,5
ACCGTCACACATTCCGCT,bind motif,-1.877308087,0.511736359,-8.712216,16.284391,1.0,0,8,2,3
GAGGCAACACATTCCGCT,bind motif,-1.75977205,0.464664443,-17.331453,19.000322,1.0,0,8,2,3
ACCTAACCACATTCCGCT,bind motif,-1.787746009,0.761892364,-17.38057,12.43082,1.0,0,0,2,3
ATCCCCACACATTCCGCT,bind motif,-1.865520579,0.147013167,-4.233353,20.303911,1.0,0,8,2,5
ACCTGCACCCATTCCGCT,bind motif,-1.607451914,-0.124428087,-16.741241,15.307841,1.0,0,8,2,3
GACCCATTCCGCTGCCAT,bind motif,0.036708879,1.412366953,-19.282911,-7.66599,1.0,3,6,8,1
CATACACCACATTCCGCT,bind motif,-1.784033315,0.556663656,-12.916526,21.117815,1.0,0,8,2,3
AACACCTCCCATTCCGCT,bind motif,-1.674207497,0.310166201,-17.070885,4.3011527,1.0,0,0,1,3
GCAAACGCACATTCCGCT,bind motif,-1.902191682,0.539811013,-2.3964894,2.0276797,1.0,0,3,6,4
ACCGCACATTCCGCTCTA,bind motif,3.637486572,-1.522380291,12.632244,-28.745867,1.0,2,2,3,2
CATACCCATTCCGCTCTA,bind motif,3.544100384,-1.562342788,11.300385,-26.682898,1.0,2,2,3,2
AACCTTACACATTCCGCT,bind motif,-2.058333415,0.601447989,-8.139746,13.5531225,1.0,0,8,2,3
ACATCCCATTCCGCTTCT,bind motif,1.548622794,-1.430032469,13.597501,-39.211872,1.0,2,2,3,2
GGCACTACACATTCCGCT,bind motif,-2.056795532,0.141819605,-4.3750978,8.205394,1.0,0,3,0,4
CAGCACACACATTCCGCT,bind motif,-1.833792133,0.423438943,-12.794613,16.882998,1.0,0,8,2,3
AACACACCACATTCCGCT,bind motif,-1.76222029,0.499851423,-9.725544,17.856596,1.0,0,8,2,3
ACGATCTCATTCCGCTCT,bind motif,1.445930197,2.76438338,-14.089415,-21.82211,1.0,1,4,4,1
TCGTAACCACATTCCGCT,bind motif,-1.811464554,0.67166699,-20.754337,17.837362,1.0,0,8,2,3
TCAACAGCCCATTCCGCT,bind motif,-1.552714724,-0.287852089,2.3459442,4.1602364,1.0,0,3,0,4
GACCACACATTCCGCTCT,bind motif,1.600043438,2.039237317,-10.67701,-28.479721,1.0,1,4,4,1
TGCGAGGCACATTCCGCT,bind motif,-2.045037787,0.760293977,-5.0125833,-0.933762,1.0,0,3,6,4
GTACTAACCCATTCCGCT,bind motif,-1.525177613,-0.759014796,-1.2886602,14.421524,1.0,0,5,0,5
GAGACCGCCCATTCCGCT,bind motif,-1.653805271,0.021034914,-3.8332136,3.0306554,1.0,0,3,6,4
ACGCCCACACATTCCGCT,bind motif,-1.851968632,0.39445632,-11.395146,17.428562,1.0,0,8,2,3
TCCACAACTCATTCCGCT,bind motif,-0.950107153,-2.21226959,6.7439685,8.964512,1.0,0,5,0,5
TCCACATTCCGCTCACAT,bind motif,-0.368749531,1.265366962,-17.758377,-7.8146625,1.0,3,6,8,1
ACCGCATTCCGCTCTCCG,bind motif,1.142638468,1.17014673,-23.859703,-8.385096,1.0,3,6,8,1
GACCCCATTCCGCTCCAA,bind motif,1.863605846,-0.370806201,22.95459,5.3145113,1.0,4,7,5,0
ACAGATGCACATTCCGCT,bind motif,-2.110846388,1.007688927,-12.677877,8.645339,1.0,0,0,1,3
TCCACACATTCCGCTCCG,bind motif,2.32192546,-2.178871886,18.171484,-33.060425,1.0,2,2,3,2
AACAATCCTCATTCCGCT,bind motif,-1.251852881,-1.568575451,7.375187,15.962783,1.0,0,5,0,5
TCCCAAACACATTCCGCT,bind motif,-1.746170505,0.119231759,-0.42482442,5.0325475,1.0,0,3,6,4
AGACAAACCCATTCCGCT,bind motif,-1.466920105,-0.630114685,-1.5803947,19.259893,1.0,0,8,2,5
GCCTCAACACATTCCGCT,bind motif,-1.771352962,0.441848812,-18.703236,17.65391,1.0,0,8,2,3
TACCAACCACATTCCGCT,bind motif,-1.774218436,0.463245638,-0.49766368,3.4804015,1.0,0,3,6,4
AACACTCCTCATTCCGCT,bind motif,-1.264206166,-1.547355301,6.665629,16.602055,1.0,0,5,0,5
ACATCAGCCCATTCCGCT,bind motif,-1.564271263,0.23542216,-19.276922,11.979118,1.0,0,0,2,3
TGCACTCCCCATTCCGCT,bind motif,-1.834436421,-0.40119093,-4.350166,6.075853,1.0,0,3,6,4
TCCAACACATTCCGCTCG,bind motif,2.019096002,1.896355711,-11.582274,-29.244024,1.0,1,4,4,1
GCAATGCCACATTCCGCT,bind motif,-2.000730753,0.416627162,-4.2966924,11.400989,1.0,0,8,0,3
GACACTACACATTCCGCT,bind motif,-2.034899479,0.337130343,-6.08732,8.422634,1.0,0,3,0,4
GAGATAACACATTCCGCT,bind motif,-1.766524634,0.253160436,-11.942439,24.556086,1.0,0,8,2,3
AATCCACCACATTCCGCT,bind motif,-1.787885495,0.731088406,-13.811298,19.532951,1.0,0,8,2,3
AGGATAGCCCATTCCGCT,bind motif,-1.589683095,-0.09644454,-23.113127,7.7415648,1.0,0,0,1,3
GCACCTCCACATTCCGCT,bind motif,-2.085476349,0.560673222,-6.264953,6.444557,1.0,0,3,0,4
AGCACCTCATTCCGCTCG,bind motif,1.894181257,2.701353809,-13.716518,-23.618961,1.0,1,4,4,1
AAGCGACCCCATTCCGCT,bind motif,-1.525414792,-0.041740307,-12.746513,18.684511,1.0,0,8,2,3
TGGCTACCACATTCCGCT,bind motif,-1.84151845,0.383727765,-8.915979,25.589382,1.0,0,8,2,3
GCACCACATTCCGCTCTA,bind motif,3.644558045,-1.796390052,15.013256,-27.913567,1.0,2,2,3,2
GCAACACCCCATTCCGCT,bind motif,-1.508593954,-0.486758002,2.657878,5.423651,1.0,0,3,0,4
AAGCACACACATTCCGCT,bind motif,-1.82866732,0.470891539,-12.898752,16.122778,1.0,0,8,2,3
ACACCTCACATTCCGCTC,bind motif,1.75635724,1.368031896,12.203776,-13.137723,1.0,5,1,7,6
ACAACCTCTCATTCCGCT,bind motif,-1.143851654,-1.323454481,12.294001,12.558195,1.0,0,5,0,5
ACACATTCCGCTCACATC,bind motif,1.042199452,0.898359183,-0.3117986,-8.356029,1.0,0,3,6,4
ATACCGACACATTCCGCT,bind motif,-1.957651646,0.154394959,-3.102855,20.5857,1.0,0,8,2,5
AGCTAAGCACATTCCGCT,bind motif,-1.837689993,0.910595504,-17.94981,11.211042,1.0,0,0,2,3
ATGCATCCACATTCCGCT,bind motif,-2.101457705,0.543312356,-2.023922,23.17825,1.0,0,8,2,5
GCACCACATTCCGCTGTG,bind motif,2.670527899,-1.881096133,16.874716,-30.640074,1.0,2,2,3,2
AGCAACACTCATTCCGCT,bind motif,-1.03380263,-2.129273113,9.059267,17.76823,1.0,0,5,0,5
AATCCCCTCATTCCGCTG,bind motif,1.428686095,1.892262928,18.257307,-8.439203,1.0,5,1,7,6
GACTCCCATTCCGCTCTG,bind motif,2.676435985,-1.591540779,16.278646,-28.176119,1.0,2,2,3,2
AATCCCACATTCCGCTCG,bind motif,2.007399977,2.388826002,-9.215997,-24.971981,1.0,1,4,4,1
AACACCCACATTCCGCTC,bind motif,1.9688885,1.271819112,15.268742,-10.364521,1.0,5,1,7,6
TCACCACATTCCGCTGTG,bind motif,2.665403087,-1.928548729,17.905891,-30.394144,1.0,2,2,3,2
TACCACGCTCATTCCGCT,bind motif,-1.114249923,-1.456630991,6.9580436,6.8184214,1.0,0,5,0,5
ACGGCATCACATTCCGCT,bind motif,-1.877458323,1.200989794,-17.237854,7.12321,1.0,0,0,1,3
ACCAGCTCACATTCCGCT,bind motif,-1.96398869,0.97564743,-18.177624,3.4039412,1.0,0,0,1,3
AACTCATTCCGCTCACCT,bind motif,-0.136436124,1.887192817,-24.084005,-5.2155867,1.0,3,6,8,1
TAGCACACCCATTCCGCT,bind motif,-1.577561877,-0.413382698,-1.4171617,5.833072,1.0,0,3,6,4
ACAACGCCCCATTCCGCT,bind motif,-1.699294676,-0.272824395,-6.5756392,10.9760475,1.0,0,8,0,3
GCGCCACATTCCGCTCTG,bind motif,2.775573011,-1.950522248,15.755172,-29.522547,1.0,2,2,3,2
ACACAGGCACATTCCGCT,bind motif,-2.001394222,0.821202566,-12.398119,5.9723434,1.0,0,0,1,3
ACTACCCATTCCGCTCCT,bind motif,1.793988101,-2.001933574,9.634322,-35.521366,1.0,2,2,3,2
CAGCTATCCCATTCCGCT,bind motif,-1.620884805,0.424744265,-22.641386,5.251255,1.0,0,0,1,3
ACCACATTCCGCTCCATT,bind motif,0.752089726,1.029516825,-20.447985,-10.03478,1.0,3,6,8,1
GTACCACATTCCGCTCAA,bind motif,2.923896236,-1.994389502,8.105934,-32.969524,1.0,2,2,3,2
AGCTGCCCACATTCCGCT,bind motif,-1.923875779,0.766191502,-16.720657,14.014658,1.0,0,8,2,3
TCACGCATTCCGCTCTCG,bind motif,0.980682277,-0.45694533,20.194439,6.8525558,1.0,4,7,5,0
GCAGCAGCCCATTCCGCT,bind motif,-1.565543897,0.013544814,0.52624685,1.2536927,1.0,0,3,6,4
ACTAGCCCACATTCCGCT,bind motif,-1.902684988,0.587195241,-11.010404,19.546967,1.0,0,8,2,3
ACCACATTCCGCTCTCCG,bind motif,1.160592453,0.916202423,-22.40431,-9.7224,1.0,3,6,8,1
GCCATCACCCATTCCGCT,bind motif,-1.603123847,-0.579029589,-2.249347,11.844731,1.0,0,3,0,5
GCCGACCTCATTCCGCTA,bind motif,2.279849769,1.959586566,16.339607,-6.3838997,1.0,5,1,7,6
AGCTATACCCATTCCGCT,bind motif,-1.794643718,-0.145495341,-4.2734704,24.739515,1.0,0,8,2,5
AACCCATTCCGCTCTTCA,bind motif,1.77139366,1.746608861,-24.949486,-10.645627,1.0,3,6,8,1
CACACACCTCATTCCGCT,bind motif,-0.967905458,-1.773350519,10.383225,13.708929,1.0,0,5,0,5
GGCAGCACCCATTCCGCT,bind motif,-1.601718588,-0.697905108,-1.0225626,11.881634,1.0,0,5,0,5
AGCTAAGCCCATTCCGCT,bind motif,-1.571210112,0.168679055,-18.566362,10.60398,1.0,0,0,2,3
ATCCTCACCCATTCCGCT,bind motif,-1.623747267,-0.552462982,-4.422013,18.36689,1.0,0,8,2,5
AACGGCACACATTCCGCT,bind motif,-1.854006776,0.588171578,-12.47743,14.710729,1.0,0,8,2,3
ACATCCCATTCCGCTCAG,bind motif,1.985315935,-1.649112083,12.2832775,-38.63832,1.0,2,2,3,2
AGCAAAGCCCATTCCGCT,bind motif,-1.544279134,-0.212237405,-13.665456,1.4103969,1.0,0,0,1,4
GACCATGCCCATTCCGCT,bind motif,-1.84303522,0.193682917,-7.066854,4.251323,1.0,0,3,6,4
TCACATTCCGCTCGCTCG,bind motif,-0.003573558,1.310334371,-6.16808,-5.6964617,1.0,0,3,6,4
ACCAAATCTCATTCCGCT,bind motif,-1.039367302,-1.352056423,13.393365,13.343864,1.0,0,5,0,5
ACGTAAGCCCATTCCGCT,bind motif,-1.568606192,0.318466839,-17.229767,10.365657,1.0,0,0,2,3
GACTGTACCCATTCCGCT,bind motif,-1.80770386,-0.002649495,-19.279106,21.598728,1.0,0,8,2,3
ACCAGAACACATTCCGCT,bind motif,-1.746525644,0.177057694,-7.5818853,17.708677,1.0,0,8,2,3
GACCAAGCACATTCCGCT,bind motif,-1.80808958,0.757056743,-1.02326,1.8406278,1.0,0,3,6,4
AGTGGGCCACATTCCGCT,bind motif,-2.032062173,0.802998386,-9.147081,21.002037,1.0,0,8,2,3
GACATCCACATTCCGCTC,bind motif,1.933932305,1.21935422,13.896372,-10.863554,1.0,5,1,7,6
AACCTGACTCATTCCGCT,bind motif,-1.158418597,-1.683815564,8.312124,22.157372,1.0,0,5,0,5
TCAACACACATTCCGCTC,bind motif,2.051385315,0.920159332,12.540048,-9.27498,1.0,5,1,7,6
TGCCAACCACATTCCGCT,bind motif,-1.796114489,0.267934899,0.4225096,2.9409,1.0,0,3,6,4
ATGCACATTCCGCTCCTT,bind motif,1.265341093,-0.922861679,25.221079,11.065277,1.0,4,7,5,0
ACCGTCCCACATTCCGCT,bind motif,-1.916304045,0.758094868,-9.145118,15.576845,1.0,0,8,2,3
AACACATTCCGCTACATG,bind motif,1.07578934,1.174245142,-20.833681,-10.8887205,1.0,3,6,8,1
ATACACATTCCGCTCGCT,bind motif,0.694452145,-0.855228038,25.140875,9.771596,1.0,4,7,5,0
ACACATTCCGCTCTTCTT,bind motif,0.978291256,0.645618411,-2.6688926,-10.265578,1.0,0,3,6,4
AGCACACATTCCGCTCAA,bind motif,2.945726775,-1.876668679,9.521894,-32.456455,1.0,2,2,3,2
AGCACACATTCCGCTCCT,bind motif,1.900203461,-2.26336798,12.252117,-35.140324,1.0,2,2,3,2
GTACGCACACATTCCGCT,bind motif,-1.879779383,0.02119571,-1.2365822,15.148395,1.0,0,5,0,5
AACTGCCCACATTCCGCT,bind motif,-1.901979726,0.961502241,-17.930994,14.841083,1.0,0,8,2,3
GGACACCCACATTCCGCT,bind motif,-1.883120744,0.322769288,-2.1519525,3.1920533,1.0,0,3,6,4
GACTCACCACATTCCGCT,bind motif,-1.799400893,0.785862691,-19.474949,16.708439,1.0,0,8,2,3
AACCTAGCCCATTCCGCT,bind motif,-1.568419928,0.173705937,-20.750177,6.7898912,1.0,0,0,1,3
AACTAGCCCCATTCCGCT,bind motif,-1.711268448,0.236659699,-14.128535,11.400702,1.0,0,0,2,3
ACCTCATTCCGCTCTTAC,bind motif,1.083421319,1.772803048,-25.7563,-9.53943,1.0,3,6,8,1
TCACACTCACATTCCGCT,bind motif,-1.955289445,0.86568908,-3.0153873,-0.7710236,1.0,0,3,6,4
ATTGGCACATTCCGCTCA,bind motif,2.805522441,2.502449224,-6.36853,-27.15554,1.0,1,4,4,1
ACACATTCCGCTCAATTG,bind motif,-0.03411467,1.497439197,-0.021530537,-6.268608,1.0,0,3,6,4
TCACACCACATTCCGCTC,bind motif,1.954286434,1.085425543,11.651763,-9.064683,1.0,5,1,7,6
GCACATACACATTCCGCT,bind motif,-2.034127107,0.293094563,-6.1605735,7.2202363,1.0,0,3,0,4
AGCCCACATTCCGCTCTG,bind motif,2.783218716,-2.00540484,13.515728,-31.170565,1.0,2,2,3,2
AAGCACATTCCGCTTGTG,bind motif,2.172531737,-0.741417499,23.502394,9.30918,1.0,4,7,5,0
CATTCCGCATTCCGCTCT,bind motif,1.480180853,2.958836219,-10.227566,-23.455952,1.0,1,4,4,1
GGCGCTCATTCCGCTACT,bind motif,1.692307653,-2.099477188,18.56603,-35.940063,1.0,2,2,3,2
GCAGAGTCACATTCCGCT,bind motif,-2.059616798,1.099628037,-4.357701,-2.0889378,1.0,0,3,6,4
ACAACACATTCCGCTCCT,bind motif,1.919495594,-2.217845026,13.124355,-33.794636,1.0,2,2,3,2
ACCAGCACACATTCCGCT,bind motif,-1.847000817,0.236571902,-7.1242237,16.788046,1.0,0,8,2,3
AACCTACACATTCCGCTC,bind motif,2.035680112,1.381717358,15.223016,-12.13754,1.0,5,1,7,6
ACCAACACATTCCGCTCG,bind motif,2.034470441,2.0387135,-11.289706,-26.4096,1.0,1,4,4,1
ACACTCTCATTCCGCTCT,bind motif,1.453641417,2.787090704,-12.926078,-21.450626,1.0,1,4,4,1
GCAGCAACCCATTCCGCT,bind motif,-1.487551982,-0.479172205,-0.8948851,8.142273,1.0,0,3,0,4
ATCCCCTCTCATTCCGCT,bind motif,-1.183068806,-1.339660651,5.672614,23.416422,1.0,0,5,0,5
AGCCACATTCCGCTCACT,bind motif,0.940522714,-1.052822143,26.121819,8.7760935,1.0,4,7,5,0
TACCGACACATTCCGCTC,bind motif,2.032658958,1.21813942,13.623307,-9.696381,1.0,5,1,7,6
AAGGTCACTCATTCCGCT,bind motif,-1.075264523,-1.564225203,9.60983,23.655357,1.0,0,5,0,5
ATACAGCCACATTCCGCT,bind motif,-1.984294318,0.379533318,-2.7693963,21.712742,1.0,0,8,2,5
ATCGCATTCCGCTCCCGT,bind motif,0.357584445,1.260945101,-22.729597,-6.337926,1.0,3,6,8,1
AACACGCCACATTCCGCT,bind motif,-1.963170637,0.618879838,-9.783555,11.2841215,1.0,0,8,2,3
GACTCCCACATTCCGCTT,bind motif,1.079411075,1.299433354,13.559016,-7.572702,1.0,5,1,7,6
CCACACATTCCGCTCCTT,bind motif,1.298800547,-0.879268366,23.895306,7.8324738,1.0,4,7,5,0
GCTACGCCTCATTCCGCT,bind motif,-1.201616858,-1.69516524,11.57889,9.004098,1.0,0,5,0,5
ATGCCTTCCCATTCCGCT,bind motif,-1.925323023,0.315333076,-10.85216,3.2100215,1.0,0,3,1,4
ACGCACTCATTCCGCTCG,bind motif,1.900161469,2.956893596,-11.887592,-23.366764,1.0,1,4,4,1
CGTACATCCCATTCCGCT,bind motif,-1.617441402,0.112153488,-14.918059,-0.13682339,1.0,0,0,1,4
GGCCATACTCATTCCGCT,bind motif,-1.253979596,-1.978177738,8.376281,13.071636,1.0,0,5,0,5
ACCTCACCACATTCCGCT,bind motif,-1.800099294,0.783112514,-17.77731,13.562168,1.0,0,0,2,3
TATCCACCCATTCCGCTA,bind motif,2.425009511,1.603184394,15.214239,-8.219676,1.0,5,1,7,6
GACACTACGCATTCCGCT,bind motif,-1.501939716,-1.146702554,8.495208,5.4133477,1.0,0,5,0,5
GAGCCTCACATTCCGCTA,bind motif,2.166515839,1.604245416,11.041586,-12.186188,1.0,5,1,7,6
GAGCCCATTCCGCTCCAA,bind motif,1.85526174,-0.318673786,22.4959,4.789438,1.0,4,7,5,0
TACTACCCATTCCGCTCA,bind motif,2.816413915,2.879683076,-5.5021906,-23.88901,1.0,1,4,4,1
GGACAACCTCATTCCGCT,bind motif,-0.983205926,-1.962494265,7.276305,11.6556,1.0,0,5,0,5
ACAACCCATTCCGCTCCG,bind motif,2.245168831,-2.029132306,12.282175,-33.061768,1.0,2,2,3,2
ACACCACATTCCGCTCAG,bind motif,2.103745094,-1.962570597,11.676833,-33.62929,1.0,2,2,3,2
ACCTATCCACATTCCGCT,bind motif,-2.08917153,0.940434986,-13.257901,10.4979515,1.0,0,0,2,3
GATGCCACATTCCGCTGA,bind motif,3.073392099,2.680186226,-6.4958873,-25.367205,1.0,1,4,4,1
AAACTCATTCCGCTCTCG,bind motif,0.994651457,-0.195712022,20.674135,9.050527,1.0,4,7,5,0
GACCACATTCCGCTACTC,bind motif,1.863610737,-0.31133046,24.019232,3.263634,1.0,4,7,5,0
ACCCATTCCGCTCTGTAT,bind motif,-0.257250993,1.249649696,-6.2570167,-9.929941,1.0,0,3,6,4
TTCAGGCACATTCCGCTC,bind motif,1.807841523,0.917229574,11.689148,-10.68356,1.0,5,1,7,6
AACGCCACCCATTCCGCT,bind motif,-1.575173609,-0.174965021,-13.530173,14.384762,1.0,0,8,2,3
CACACACATTCCGCTCTG,bind motif,2.808966949,-1.984518851,14.973112,-29.855293,1.0,2,2,3,2
AACGCCCCATTCCGCTCA,bind motif,2.828412062,2.916288861,-7.882223,-23.70096,1.0,1,4,4,1
ATCACTCATTCCGCTCTT,bind motif,2.05367375,-2.180688253,6.619785,-34.702305,1.0,2,2,3,2
AACCGATCCCATTCCGCT,bind motif,-1.5950626,0.398844297,-18.813805,5.720239,1.0,0,0,1,3
ACGACCCATTCCGCTCCG,bind motif,2.228480618,-1.924867476,10.020126,-34.22533,1.0,2,2,3,2
ACATAGGCACATTCCGCT,bind motif,-2.019348207,1.075146873,-14.181736,9.584398,1.0,0,0,2,3
ACCGAGGCCCATTCCGCT,bind motif,-1.75223544,0.258390686,-13.276356,7.7716994,1.0,0,0,1,3
AACGGACCCATTCCGCTG,bind motif,1.583445063,1.531072631,16.561775,-10.522192,1.0,5,1,7,6
AACGAAGCTCATTCCGCT,bind motif,-1.007377303,-1.246815257,14.793961,19.648876,1.0,0,5,0,5
GACCGACCACATTCCGCT,bind motif,-1.793800193,0.553138534,-2.0448482,9.04903,1.0,0,3,0,4
TCACCAACTCATTCCGCT,bind motif,-0.950740039,-2.137429851,6.6946325,9.716146,1.0,0,5,0,5
ACTGCACATTCCGCTCTA,bind motif,3.620798359,-1.418115462,11.917409,-27.810614,1.0,2,2,3,2
AAGCTCCCATTCCGCTCT,bind motif,1.525893146,2.496293884,-10.704309,-22.485756,1.0,1,4,4,1
GCACGCATTCCGCTCTCG,bind motif,0.98580709,-0.409492734,20.714676,7.557353,1.0,4,7,5,0
GGTTCCCATTCCGCTGTT,bind motif,2.089969984,-1.638094256,17.112875,-35.188774,1.0,2,2,3,2
ACTCATGCCCATTCCGCT,bind motif,-1.860421834,0.29519757,-10.300045,8.255562,1.0,0,0,1,3
GCACTCTCCCATTCCGCT,bind motif,-1.720744605,0.234885678,-21.894073,2.5234215,1.0,0,0,1,3
GCCTCATTCCGCTCTCCG,bind motif,1.123411849,1.202213691,-21.600855,-5.486219,1.0,3,6,8,1
TTTCGAACTCATTCCGCT,bind motif,-1.010021697,-2.155123195,3.698906,12.202095,1.0,0,5,0,5
AACCCATTCCGCTCGTAC,bind motif,0.827357592,1.823719803,-24.790588,-9.803631,1.0,3,6,8,1
AATGACCCTCATTCCGCT,bind motif,-1.085544732,-1.329394729,14.492957,16.65001,1.0,0,5,0,5
ACCGCACATTCCGCTCGA,bind motif,3.404564654,-1.523276528,12.31675,-29.97267,1.0,2,2,3,2
ACACTTACCCATTCCGCT,bind motif,-1.794457454,-0.290256243,-6.55949,13.33425,1.0,0,8,2,3
ACAACTACTCATTCCGCT,bind motif,-1.227814129,-1.943501594,6.255314,18.743797,1.0,0,5,0,5
ATGACGCCCCATTCCGCT,bind motif,-1.737878942,-0.363870304,-0.3903371,21.624712,1.0,0,5,2,5
ACGAACTCTCATTCCGCT,bind motif,-1.148186582,-1.240409801,12.579422,13.949876,1.0,0,5,0,5
ACTCCTCCGCATTCCGCT,bind motif,-1.56729928,-0.671857238,1.854534,22.465378,1.0,0,5,0,5
CGAACCACATTCCGCTAA,bind motif,2.633763326,2.120194058,-8.338825,-27.995972,1.0,1,4,4,1
ATCCACCTCATTCCGCTC,bind motif,1.851031923,1.603010353,18.414303,-6.6944785,1.0,5,1,7,6
AAGGATCCCCATTCCGCT,bind motif,-1.811110736,0.221334168,-12.0521,10.799562,1.0,0,8,2,3
ACCGAAACTCATTCCGCT,bind motif,-0.940333415,-1.837187645,13.104797,19.107666,1.0,0,5,0,5
GATCCCATTCCGCTCACA,bind motif,2.201572876,-0.439336079,23.24166,4.2641788,1.0,4,7,5,0
ATCCCACATTCCGCTTCT,bind motif,1.636811793,-1.886669306,12.811468,-37.098244,1.0,2,2,3,2
GCCAATACCCATTCCGCT,bind motif,-1.767014339,-0.523661625,-4.847772,7.3465176,1.0,0,3,0,4
CAACCACATTCCGCTCCT,bind motif,1.916341815,-2.040670099,14.418077,-33.309113,1.0,2,2,3,2
ATACCTCCGCATTCCGCT,bind motif,-1.564163014,-1.023565221,2.7862823,19.85021,1.0,0,5,0,5
ACCCAGGCACATTCCGCT,bind motif,-2.009738329,0.873334981,-12.392158,6.958136,1.0,0,0,1,3
AGCCCATTCCGCTCTCAT,bind motif,0.481597104,0.815424457,-23.067757,-7.693641,1.0,3,6,8,1
TTCACCACCCATTCCGCT,bind motif,-1.605438143,-0.864233224,2.344687,9.107041,1.0,0,5,0,5
GAACCACTCATTCCGCTC,bind motif,1.970092373,1.710644797,15.536933,-6.994531,1.0,5,1,7,6
ACCCACATTCCGCTCTCT,bind motif,0.586270768,-0.43409394,22.504358,9.085728,1.0,4,7,5,0
TTCACCTCATTCCGCTTA,bind motif,3.18599945,2.721530151,-12.251842,-18.464792,1.0,1,4,4,1
ATGACCCATTCCGCTCCA,bind motif,3.058881387,-1.861781188,9.229095,-31.569519,1.0,2,2,3,2
GATGTGACACATTCCGCT,bind motif,-1.993773073,0.678265573,-15.378538,23.622082,1.0,0,8,2,3
ACATCCGCTCATTCCGCT,bind motif,-1.131786674,-1.18889653,14.012333,21.662436,1.0,0,5,0,5
ACAATAGCGCATTCCGCT,bind motif,-1.295566974,-0.844970449,1.5327585,16.458689,1.0,0,5,0,5
CAACACATTCCGCTCGAA,bind motif,1.767694726,-0.223015225,22.873064,6.2260656,1.0,4,7,5,0
AACCACATTCCGCTTCGT,bind motif,1.643538839,-1.097335608,24.296402,8.722019,1.0,4,7,5,0
AACCACATTCCGCTCTTG,bind motif,1.489211042,-0.205447583,22.553782,9.785318,1.0,4,7,5,0
ACTCACATTCCGCTCACT,bind motif,0.934782527,-0.850901944,27.30333,9.525295,1.0,4,7,5,0
ACTCCTACACATTCCGCT,bind motif,-2.061263085,0.565617149,-10.610398,14.787998,1.0,0,8,2,3
TCCCATTCCGCTCACACG,bind motif,0.126488659,0.677142822,-3.5951383,-5.4851418,1.0,0,3,6,4
TGCGATCCCATTCCGCTT,bind motif,0.843307209,1.200307913,10.392795,-7.9296913,1.0,5,1,7,6
ACTGACTCACATTCCGCT,bind motif,-1.973924318,1.291416266,-16.16503,7.633251,1.0,0,0,1,3
AGCACTCCGCATTCCGCT,bind motif,-1.552582101,-1.000749591,4.2136164,19.413355,1.0,0,5,0,5
CACGAAACCCATTCCGCT,bind motif,-1.467469964,-0.303151975,-15.056642,14.9928055,1.0,0,8,2,3
AACCCGCCACATTCCGCT,bind motif,-1.972147629,0.745851991,-10.572929,12.106176,1.0,0,8,2,3
ACGGCACCCCATTCCGCT,bind motif,-1.532986526,-0.033643673,-15.069498,17.10819,1.0,0,8,2,3
GTACCCGCTCATTCCGCT,bind motif,-1.145978368,-1.733056767,6.3679585,13.347377,1.0,0,5,0,5
GTACTCCACATTCCGCTC,bind motif,1.900455339,1.001227851,12.612146,-11.479501,1.0,5,1,7,6
TCACCTGCCCATTCCGCT,bind motif,-1.863117238,0.017662687,-5.015162,4.4527307,1.0,0,3,6,4
TGTCGAACACATTCCGCT,bind motif,-1.798513315,0.16828152,-10.074552,24.76194,1.0,0,8,2,3
AACTGAACCCATTCCGCT,bind motif,-1.496028713,-0.086286925,-17.640587,15.959216,1.0,0,8,2,3
ACCCAATCACATTCCGCT,bind motif,-1.847783939,1.000665076,-14.74822,4.0685663,1.0,0,0,1,3
ACATACTCTCATTCCGCT,bind motif,-1.158429347,-0.963758171,15.212819,21.757978,1.0,0,5,0,5
TCATACTCACATTCCGCT,bind motif,-1.97324343,1.119633387,-2.360324,-2.0540056,1.0,0,3,6,4
TACCCATTCCGCTCCTTG,bind motif,0.79963476,1.762057906,-18.180838,-11.84232,1.0,3,6,8,1
ACGTCAACACATTCCGCT,bind motif,-1.769447443,0.588886419,-16.540083,16.752981,1.0,0,8,2,3
AGCACATTCCGCTCCCAG,bind motif,0.346791031,1.232062202,-21.558718,-8.289088,1.0,3,6,8,1
CTACGGCCTCATTCCGCT,bind motif,-1.214686056,-1.851228323,3.324998,18.222143,1.0,0,5,0,5
TGCACAACCCATTCCGCT,bind motif,-1.494014943,-0.826092062,2.1619015,8.0836315,1.0,0,3,0,5
AATCACATTCCGCTCATC,bind motif,2.263871213,-0.493057075,25.7406,3.69098,1.0,4,7,5,0
ACGAACGCTCATTCCGCT,bind motif,-1.109190625,-1.486768311,11.954404,14.672485,1.0,0,5,0,5
GCAGTACCACATTCCGCT,bind motif,-1.81773439,0.551543054,-2.9602244,13.566485,1.0,0,8,0,5
AGCACATTCCGCTCACAG,bind motif,0.061825292,1.439267895,-20.90439,-7.8515997,1.0,3,6,8,1
ACCACCACTCATTCCGCT,bind motif,-1.035207888,-2.010397594,9.704623,17.72694,1.0,0,5,0,5
TCCTCATCCCATTCCGCT,bind motif,-1.626985766,0.391555296,-0.6885714,-1.8187344,1.0,0,3,6,4
GATGCCCATTCCGCTCTC,bind motif,3.094873176,-1.48504959,13.494852,-26.720139,1.0,2,2,3,2
GCTACAACACATTCCGCT,bind motif,-1.761110198,0.165197182,-11.563504,22.678093,1.0,0,8,2,3
GGGACCTCACATTCCGCT,bind motif,-1.981177164,0.813999133,-7.923823,0.5900423,1.0,0,3,6,4
ATCACACATTCCGCTGCT,bind motif,1.76752211,-2.187332405,12.38575,-36.158092,1.0,2,2,3,2
ACCTCATTCCGCTCGCAT,bind motif,0.189625407,1.374229826,-24.040642,-6.6310096,1.0,3,6,8,1
CACATTCCGCTCCACGTA,bind motif,2.94094182,1.155293134,12.019168,-15.521478,1.0,5,1,7,6
GGTCACTCACATTCCGCT,bind motif,-1.986144978,0.971883551,-7.079236,0.562468,1.0,0,3,6,4
TCACGCACCCATTCCGCT,bind motif,-1.596528261,-0.572862597,0.3903184,8.726894,1.0,0,3,0,4
TCACTACCGCATTCCGCT,bind motif,-1.280922448,-1.106714593,1.757407,10.507007,1.0,0,5,0,5
AATGCCCCATTCCGCTCA,bind motif,2.811723849,3.020553691,-7.871316,-24.445114,1.0,1,4,4,1
AACGACCCACATTCCGCT,bind motif,-1.868296163,0.792089787,-14.430883,13.145802,1.0,0,8,2,3
TCACCCATTCCGCTCTCT,bind motif,0.566887151,-0.607363993,19.513592,7.257618,1.0,4,7,5,0
AGCCACATTCCGCTCAGA,bind motif,2.451889865,-0.664330367,25.215725,5.5509343,1.0,4,7,5,0
TGCCGACACATTCCGCTC,bind motif,2.010762905,1.022828682,12.805899,-10.246026,1.0,5,1,7,6
ACGACCTCATTCCGCTAT,bind motif,1.237714848,2.721046843,-14.175221,-22.71904,1.0,1,4,4,1
GATACCACACATTCCGCT,bind motif,-1.850637345,0.322366758,-13.088504,22.49873,1.0,0,8,2,3
GCACCACATTCCGCTCCT,bind motif,1.900268976,-2.185778065,16.848543,-32.733704,1.0,2,2,3,2
GACACCTCGCATTCCGCT,bind motif,-1.417977241,-0.52665544,5.0368805,3.5001986,1.0,0,3,0,4
GCACACATTCCGCTCTCA,bind motif,1.862810481,-0.193536008,21.693367,6.349868,1.0,4,7,5,0
ACAGCTCCCATTCCGCTC,bind motif,1.717917318,1.667805832,12.901427,-13.325877,1.0,5,1,7,6
ACAACTCATTCCGCTCTA,bind motif,3.362359143,-1.649914391,8.682106,-26.402,1.0,2,2,3,2
ATGCTCCCCATTCCGCTC,bind motif,1.864553822,1.373199655,15.365281,-14.413445,1.0,5,1,7,6
AACCTCATTCCGCTCAAG,bind motif,1.118585405,-0.665548679,27.817226,5.5761566,1.0,4,7,5,0
AACCTCCCTCATTCCGCT,bind motif,-1.096939381,-1.496971262,9.274086,22.243551,1.0,0,5,0,5
GGACCTCATTCCGCTCTC,bind motif,2.906036087,-1.844701312,13.034364,-25.112324,1.0,2,2,3,2
ACTCCCACATTCCGCTCT,bind motif,1.570303539,2.16197212,-10.351989,-24.726545,1.0,1,4,4,1
GATCCCATTCCGCTCTAT,bind motif,0.325005752,-0.30675502,18.962843,5.543134,1.0,4,7,5,0
ACCCCATCCCATTCCGCT,bind motif,-1.593657342,0.279968777,-15.900195,4.733004,1.0,0,0,1,3
CTGCCCCATTCCGCTCGT,bind motif,1.999256267,-2.168960933,14.039429,-35.36431,1.0,2,2,3,2
TACACATTCCGCTCGAAT,bind motif,0.333863297,0.774920002,-18.440187,-7.0383763,1.0,3,6,8,1
CTACCCGCACATTCCGCT,bind motif,-1.9402932,0.540145175,-10.309766,-1.0884234,1.0,0,3,1,4
ATCCCAACGCATTCCGCT,bind motif,-1.232085642,-1.396333938,-0.41127628,18.589832,1.0,0,5,2,5
GTGTTTACACATTCCGCT,bind motif,-2.127725213,0.519653411,-17.7249,24.503784,1.0,0,8,2,3
ACACCCTCATTCCGCTCT,bind motif,1.478347987,2.744650404,-13.0208435,-22.825005,1.0,1,4,4,1
TCAACCCATTCCGCTCCT,bind motif,1.803645982,-2.300688607,18.872183,-32.52179,1.0,2,2,3,2
GATCCACATTCCGCTACG,bind motif,2.434066418,-1.976217883,16.41072,-36.925293,1.0,2,2,3,2
ACGACTCATTCCGCTGCT,bind motif,1.479648536,-1.761346629,8.228439,-35.19272,1.0,2,2,3,2
GAACTCCCATTCCGCTAG,bind motif,1.725558225,2.425426138,-9.7176695,-20.961182,1.0,1,4,4,1
TACCACATTCCGCTCCTC,bind motif,2.143451663,-0.565988748,23.110416,2.9424565,1.0,4,7,5,0
ACGCATGCACATTCCGCT,bind motif,-2.118557609,0.984981603,-11.331635,7.5798492,1.0,0,0,1,3
ACTGCACCACATTCCGCT,bind motif,-1.807810514,0.76040519,-14.769933,18.735779,1.0,0,8,2,3
GCTCATTCCGCTCTCTCA,bind motif,0.942212581,1.854706802,-8.265987,-7.6759276,1.0,0,3,6,4
AATGCATCCCATTCCGCT,bind motif,-1.608374521,0.60886113,-17.901949,8.089758,1.0,0,0,1,3
ACAATCACACATTCCGCT,bind motif,-1.851009996,0.205659637,-6.071166,16.207315,1.0,0,8,2,3
CAACCGCATTCCGCTCGT,bind motif,1.948313387,-1.920745447,15.273996,-33.056908,1.0,2,2,3,2
TTGCCACCTCATTCCGCT,bind motif,-1.028320263,-1.982117251,4.5379376,11.8315935,1.0,0,5,0,5
CAGTACACCCATTCCGCT,bind motif,-1.585266237,-0.064533199,-15.258966,15.697778,1.0,0,8,2,3
ACTAAGCCACATTCCGCT,bind motif,-1.978453592,0.604269148,-11.068856,15.775401,1.0,0,8,2,3
ACACCACATTCCGCTCTA,bind motif,3.654807671,-1.701484859,13.156804,-29.46207,1.0,2,2,3,2
ATGCCCTCTCATTCCGCT,bind motif,-1.191412913,-1.287528236,5.1039376,23.813278,1.0,0,5,0,5
TCAGCACATTCCGCTCTA,bind motif,3.63045624,-1.716870494,17.104527,-26.960836,1.0,2,2,3,2
GACACTGCTCATTCCGCT,bind motif,-1.313451749,-1.395901984,10.668836,6.017736,1.0,0,5,0,5
TACCGCATTCCGCTCCTG,bind motif,1.692596682,-0.652746961,22.401157,2.073058,1.0,4,7,5,0
ACACGACCTCATTCCGCT,bind motif,-0.986714843,-1.727493403,11.130917,20.35455,1.0,0,5,0,5
ATACGCACCCATTCCGCT,bind motif,-1.603049876,-0.625815547,-3.0324452,18.438196,1.0,0,8,2,5
AACCTCGCACATTCCGCT,bind motif,-1.935374983,0.975136593,-20.082382,5.9192615,1.0,0,0,1,3
TTGCAAGCTCATTCCGCT,bind motif,-1.054962936,-1.756978891,5.599664,11.830929,1.0,0,5,0,5
GAGGACACATTCCGCTCA,bind motif,2.861167572,2.605937424,-6.56176,-24.635067,1.0,1,4,4,1
ACACCCACTCATTCCGCT,bind motif,-1.035840774,-1.935557856,9.964478,19.084826,1.0,0,5,0,5
ACGACCCATTCCGCTCTA,bind motif,3.546621277,-1.664677976,10.390004,-27.894627,1.0,2,2,3,2
GGTGCCACCCATTCCGCT,bind motif,-1.624007502,-0.360916122,-9.145709,23.22927,1.0,0,8,2,3
ACACCAACTCATTCCGCT,bind motif,-0.935365601,-1.995072063,11.157099,19.15281,1.0,0,5,0,5
GACGTAACACATTCCGCT,bind motif,-1.776134513,0.454972328,-4.026104,13.472229,1.0,0,8,0,3
ATGCACATTCCGCTCCCT,bind motif,0.799497256,-0.924654153,25.972338,9.986699,1.0,4,7,5,0
ACCACACACATTCCGCTC,bind motif,2.058415647,1.114649536,15.798073,-10.0057745,1.0,5,1,7,6
ACCTTCCCATTCCGCTCA,bind motif,2.783780473,2.988045945,-8.081872,-22.362232,1.0,1,4,4,1
ACCACTTCACATTCCGCT,bind motif,-2.152585752,1.073455695,-11.000959,5.197073,1.0,0,0,1,4
AACTGACCACATTCCGCT,bind motif,-1.801504552,0.901988033,-18.804213,14.740335,1.0,0,0,2,3
GGCACAGCCCATTCCGCT,bind motif,-1.566882045,-0.285922447,2.3449125,2.9434934,1.0,0,3,0,4
GATCCCATTCCGCTACTT,bind motif,0.982272418,-0.444242506,21.618122,2.8963814,1.0,4,7,5,0
GGACCGTCACATTCCGCT,bind motif,-2.073941117,0.896220664,-6.4687543,-1.9335339,1.0,0,3,6,4
AGCACACATTCCGCTCTA,bind motif,3.64449253,-1.873979967,11.519107,-29.39472,1.0,2,2,3,2
TAACCCGCACATTCCGCT,bind motif,-1.917698745,0.73820609,-1.597265,0.55662316,1.0,0,3,6,4
ACACTCGCCCATTCCGCT,bind motif,-1.671499022,0.083432361,-21.140356,4.9116316,1.0,0,0,1,3
GCCACTGCCCATTCCGCT,bind motif,-1.857359539,-0.009724456,-5.9838223,5.0164347,1.0,0,3,6,4
TCCGAACACATTCCGCTG,bind motif,1.611292098,1.075817391,12.517583,-8.105162,1.0,5,1,7,6
ACATGACCTCATTCCGCT,bind motif,-1.004668828,-1.473549097,12.497174,21.990374,1.0,0,5,0,5
GCCTCAACTCATTCCGCT,bind motif,-0.971913318,-1.783900534,13.267107,23.809256,1.0,0,5,0,5
AGGCCAACACATTCCGCT,bind motif,-1.762441485,0.237286743,-8.383163,19.680443,1.0,0,8,2,3
TAACAGCTCATTCCGCTC,bind motif,1.776370497,1.761000465,14.9880905,-6.005571,1.0,5,1,7,6
GCACGACCCATTCCGCTT,bind motif,1.153420099,1.030208988,13.880567,-8.856425,1.0,5,1,7,6
TACACATTCCGCTCGCTA,bind motif,2.189340961,1.338895197,-19.442797,-12.683362,1.0,3,6,8,1
ATCCCATTCCGCTCCTCA,bind motif,1.168618103,1.868054139,-24.48547,-12.363478,1.0,3,6,8,1
AGCCTCACCCATTCCGCT,bind motif,-1.61279924,-0.454807613,-4.8417387,17.565746,1.0,0,8,2,3
AACAGTCCACATTCCGCT,bind motif,-2.075999095,0.699614195,-8.780394,11.90018,1.0,0,8,2,3
TACCAACCGCATTCCGCT,bind motif,-1.241258673,-1.020587259,5.1472044,6.508214,1.0,0,3,0,5
TGGACTACTCATTCCGCT,bind motif,-1.270824807,-2.079249922,10.737816,7.9012027,1.0,0,5,0,5
ACACTCATTCCGCTCCGA,bind motif,2.312388819,-0.381456018,26.12608,5.64361,1.0,4,7,5,0
AATCCACACATTCCGCTG,bind motif,1.617550058,1.314343375,17.582596,-9.803838,1.0,5,1,7,6
TCCACGCCACATTCCGCT,bind motif,-1.989493102,0.37886668,-3.7067907,5.222121,1.0,0,3,6,4
AGCGCCCCATTCCGCTCT,bind motif,1.528070776,2.333382584,-11.56909,-24.689718,1.0,1,4,4,1
AGCCTCATTCCGCTCCTG,bind motif,1.673721783,-0.684479761,27.218613,6.7109857,1.0,4,7,5,0
ACCATGCCCATTCCGCTC,bind motif,1.803295801,1.448920032,14.147756,-13.714253,1.0,5,1,7,6
AACACATTCCGCTCGCAC,bind motif,1.079801233,1.349365761,-23.351809,-10.113177,1.0,3,6,8,1
TCTCCCATTCCGCTCAAT,bind motif,0.674132885,-0.97293582,19.84764,3.7337117,1.0,4,7,5,0
ACTGCACATTCCGCTCTT,bind motif,2.342353127,-1.805711,15.367246,-35.195473,1.0,2,2,3,2
ACGCCTCATTCCGCTCCC,bind motif,2.444701689,-1.549668395,7.714581,-29.25973,1.0,2,2,3,2
TCCCATTCCGCTCTATCA,bind motif,0.668810242,1.910195069,-7.5977726,-6.6076984,1.0,0,3,6,4
GCCGCATTCCGCTCTGCT,bind motif,0.584507107,1.119733969,-21.022316,-6.184909,1.0,3,6,8,1
GGCCACACATTCCGCTCT,bind motif,1.578147385,1.843926579,-11.697377,-27.967266,1.0,1,4,4,1
TTACAAGCCCATTCCGCT,bind motif,-1.571234486,-0.377410824,2.6068091,1.2561426,1.0,0,3,6,4
TGCCACATTCCGCTCACG,bind motif,1.351296686,-1.065981419,21.178545,4.14269,1.0,4,7,5,0
ATGCAAACACATTCCGCT,bind motif,-1.761036227,0.118411224,-6.2431264,21.408785,1.0,0,8,2,3
TGGCGCCCTCATTCCGCT,bind motif,-1.130200695,-1.803727524,4.5172124,10.776169,1.0,0,5,0,5
GCATCACATTCCGCTCTA,bind motif,3.62660406,-1.542445745,15.480029,-27.171947,1.0,2,2,3,2
GCCAAAACTCATTCCGCT,bind motif,-0.932629056,-2.186037144,8.604153,10.594826,1.0,0,5,0,5
GGTACCACATTCCGCTCA,bind motif,2.836528112,2.230034944,-7.4584055,-26.682674,1.0,1,4,4,1
AGTCAAACTCATTCCGCT,bind motif,-0.958992662,-1.957550338,15.432628,17.517282,1.0,0,5,0,5
GACAGCACCCATTCCGCT,bind motif,-1.579822535,-0.50259437,-2.2851048,10.405874,1.0,0,3,0,4
AAAACCGCACATTCCGCT,bind motif,-1.893347314,0.753591725,-16.41157,3.0979903,1.0,0,0,1,3
TACTCGCCCCATTCCGCT,bind motif,-1.738996172,0.115522061,-20.074684,20.314138,1.0,0,8,2,3
ACCAATTCCCATTCCGCT,bind motif,-1.873752586,0.310319096,-10.244138,5.1206317,1.0,0,3,1,4
TGGACACCGCATTCCGCT,bind motif,-1.274875125,-1.269517586,4.0506315,9.37594,1.0,0,5,0,5
AGCCAGACTCATTCCGCT,bind motif,-1.143254796,-1.942786753,8.452523,18.609701,1.0,0,5,0,5
AACAATGCCCATTCCGCT,bind motif,-1.823808602,0.161615956,-9.413039,6.1409388,1.0,0,3,1,4
GACACATTCCGCTACGTT,bind motif,0.395924655,1.297523327,-19.04408,-11.055298,1.0,3,6,8,1
TCAACTCCTCATTCCGCT,bind motif,-1.282184525,-1.839500873,9.452119,6.366188,1.0,0,5,0,5
GCACGTACGCATTCCGCT,bind motif,-1.525873914,-1.148298034,9.260731,4.1744933,1.0,0,5,0,5
AACCAGGCTCATTCCGCT,bind motif,-1.199350658,-1.254758995,8.70161,15.348615,1.0,0,5,0,5
ACATCACCACATTCCGCT,bind motif,-1.791755188,0.730980099,-18.418556,13.072994,1.0,0,0,2,3
ATGCCACATTCCGCTCAG,bind motif,2.065160827,-2.053616505,11.4217005,-36.412327,1.0,2,2,3,2
AACCACATTCCGCTCTAA,bind motif,1.642742108,0.050260731,22.506363,6.957979,1.0,4,7,5,0
AATACCCATTCCGCTCAA,bind motif,2.850459442,-1.517578903,7.5582924,-31.165749,1.0,2,2,3,2
ACACGCATTCCGCTCGCA,bind motif,1.970086861,-0.229881461,24.16117,6.3469305,1.0,4,7,5,0
TACGCACATTCCGCTCTA,bind motif,3.63306016,-1.56708271,16.476978,-26.586266,1.0,2,2,3,2
ATCTCTCCCCATTCCGCT,bind motif,-1.856940987,0.024427949,-3.2628124,25.137821,1.0,0,8,2,5
TCCATTCCGCATTCCGCT,bind motif,-1.581715083,-1.00301171,8.125694,3.1779442,1.0,0,3,0,4
GCCAGATCTCATTCCGCT,bind motif,-1.074323497,-1.404521315,5.979936,4.784542,1.0,0,3,0,4
GCCTTGCCACATTCCGCT,bind motif,-2.036005837,0.849676037,-17.9153,22.28949,1.0,0,8,2,3
AGCCCCACATTCCGCTCT,bind motif,1.576043726,1.960051921,-11.745262,-25.59952,1.0,1,4,4,1
ACCGACACTCATTCCGCT,bind motif,-1.040808588,-1.777673437,12.696478,18.502035,1.0,0,5,0,5
TCAATAGCCCATTCCGCT,bind motif,-1.577421294,-0.245411788,0.52376795,10.381132,1.0,0,5,0,5
TCAACAGCTCATTCCGCT,bind motif,-1.019754962,-1.771684986,5.959174,7.9144263,1.0,0,5,0,5
GCAACAACACATTCCGCT,bind motif,-1.736077878,0.008799937,0.6048087,7.0903525,1.0,0,3,0,4
ACGCCCATTCCGCTATTG,bind motif,1.172599886,-0.022544695,22.648832,10.930743,1.0,4,7,5,0
ACACCCATTCCGCTCACC,bind motif,1.799758384,-0.727682013,25.291876,6.6429706,1.0,4,7,5,0
ATCCTACACATTCCGCTA,bind motif,2.428984442,1.217949764,16.447744,-14.278629,1.0,5,1,7,6
ATAAGCCCATTCCGCTCT,bind motif,1.531067556,1.950870643,-14.31281,-25.833128,1.0,1,4,4,1
AGACGACCTCATTCCGCT,bind motif,-0.99766287,-1.825148773,10.726677,21.009369,1.0,0,5,0,5
ACCGTCTCACATTCCGCT,bind motif,-1.994295959,1.250811887,-19.965494,4.7828655,1.0,0,0,1,3
ATCCGCATTCCGCTCACG,bind motif,1.331016528,-0.978838699,27.075857,7.769054,1.0,4,7,5,0
TGCCCATTCCGCTCACGA,bind motif,1.355614519,1.68407176,-16.975525,-10.222347,1.0,3,6,8,1
ACACATTCCGCTCGCACT,bind motif,-0.049147558,0.802420812,-4.1019487,-8.342762,1.0,0,3,6,4
ACCGACTCATTCCGCTCT,bind motif,1.473380173,2.902534822,-12.071639,-22.572094,1.0,1,4,4,1
AGCACATTCCGCTCTAAT,bind motif,0.612307421,0.514761359,-22.59286,-8.380926,1.0,3,6,8,1
AACCACATTCCGCTCCTA,bind motif,2.584974512,-0.294432447,24.899078,4.4747844,1.0,4,7,5,0
AATTACCCATTCCGCTCG,bind motif,1.962803319,2.867908668,-9.263779,-23.981026,1.0,1,4,4,1
GGCCCTCATTCCGCTACA,bind motif,2.979729878,-1.838853803,6.8892064,-27.844,1.0,2,2,3,2
GCATACACATTCCGCTCT,bind motif,1.579485533,2.14339384,-9.733253,-29.075098,1.0,1,4,4,1
TCCACATTCCGCTCCACG,bind motif,0.697019861,1.014565075,-18.415522,-8.615718,1.0,3,6,8,1
ACCACGCCTCATTCCGCT,bind motif,-1.174679019,-1.704524877,7.5957494,17.426407,1.0,0,5,0,5
CAAGAGCCCCATTCCGCT,bind motif,-1.699072162,0.010102535,-11.511094,9.690528,1.0,0,0,2,3
GATAAGCCCATTCCGCTT,bind motif,0.972069021,1.233877563,12.482869,-6.209672,1.0,5,1,7,6
TGCACATTCCGCTCCTAA,bind motif,0.940246765,1.695483329,-15.945424,-9.230302,1.0,3,6,8,1
AGACCCATTCCGCTCACG,bind motif,1.362661946,-0.954535895,25.94869,7.4654913,1.0,4,7,5,0
AAGGACACACATTCCGCT,bind motif,-1.837644313,0.597863692,-13.781435,15.895247,1.0,0,8,2,3
AACGTAGCCCATTCCGCT,bind motif,-1.57739692,0.300678091,-20.446434,7.7590785,1.0,0,0,1,3
GCCAAGCCGCATTCCGCT,bind motif,-1.439055242,-1.078733771,8.581608,7.7192097,1.0,0,5,0,5
GCCAAGGCACATTCCGCT,bind motif,-2.011010962,0.651457636,-5.401292,2.9813025,1.0,0,3,6,4
AATACACATTCCGCTCAT,bind motif,1.672489383,-1.964688649,9.443978,-36.715416,1.0,2,2,3,2
GCTCATTCCGCTCTATCA,bind motif,0.657246842,2.061912495,-8.3507395,-7.095331,1.0,0,3,6,4
GACCACCCATTCCGCTCT,bind motif,1.561047481,2.285595826,-10.563881,-27.86146,1.0,1,4,4,1
AGGCAATCCCATTCCGCT,bind motif,-1.600596191,0.213225673,-14.219707,2.3655102,1.0,0,0,1,4
GACCTATCACATTCCGCT,bind motif,-1.884145392,1.067075703,-22.913677,3.6843102,1.0,0,0,1,3
CAGACACCCATTCCGCTC,bind motif,2.026431825,1.389786505,16.23556,-9.054716,1.0,5,1,7,6
AACACATTCCGCTCTTCT,bind motif,0.50192542,1.232041169,-25.197933,-8.373823,1.0,3,6,8,1
AATCGACCACATTCCGCT,bind motif,-1.80023878,0.752308556,-12.99063,19.639784,1.0,0,8,2,3
ATACCACCCCATTCCGCT,bind motif,-1.529217374,-0.460191395,-1.9159218,18.027485,1.0,0,8,2,5
GGCAACACATTCCGCTCT,bind motif,1.587124377,1.716954425,-12.4125185,-28.240053,1.0,1,4,4,1
AACATAGCCCATTCCGCT,bind motif,-1.559442935,0.046733784,-21.614843,6.319645,1.0,0,0,1,3
AACCGGCCACATTCCGCT,bind motif,-1.984500914,0.767072141,-9.807604,13.074898,1.0,0,8,2,3
TCCCACACTCATTCCGCT,bind motif,-1.047206035,-2.047003379,8.066954,9.055839,1.0,0,5,0,5
TCCGGACCTCATTCCGCT,bind motif,-1.019410381,-1.690746624,5.4421387,9.976072,1.0,0,5,0,5
ACACACATTCCGCTCTCG,bind motif,1.020763285,-0.357027842,22.431578,8.226547,1.0,4,7,5,0
AACCCACATTCCGCTCCG,bind motif,2.339270933,-1.811886575,13.0394125,-32.822903,1.0,2,2,3,2
ATGACACATTCCGCTCTC,bind motif,3.199051986,-2.048701434,10.81439,-30.325083,1.0,2,2,3,2
GCCCATTCCGCTCTTACG,bind motif,1.041735422,0.556560727,-4.0387487,-9.799842,1.0,0,3,6,4
TCCTACCCATTCCGCTCA,bind motif,2.805465888,2.782027707,-5.2347116,-24.635956,1.0,1,4,4,1
AGCACACCTCATTCCGCT,bind motif,-0.984676699,-1.921208661,10.962209,17.863417,1.0,0,5,0,5
GCTCCACATTCCGCTCAG,bind motif,2.068463149,-1.901078544,15.26733,-37.321373,1.0,2,2,3,2
AGCGCATTCCGCTCGCCA,bind motif,1.699021524,1.538094079,-23.788843,-11.305559,1.0,3,6,8,1
AACCGTTCACATTCCGCT,bind motif,-2.162968003,1.319303367,-18.035257,1.8061156,1.0,0,0,1,3
TCCCCATTCCGCTGCAGT,bind motif,0.608213201,1.095360518,-18.313581,-9.504571,1.0,3,6,8,1
GTTGACACTCATTCCGCT,bind motif,-1.089642481,-1.963624538,4.259357,14.081377,1.0,0,5,0,5
AGCGTAACTCATTCCGCT,bind motif,-0.988341296,-1.871182564,10.967813,22.64315,1.0,0,5,0,5
TTACTCCCACATTCCGCT,bind motif,-1.936253438,0.241321773,-0.13745384,14.410083,1.0,0,5,0,5
ACGCATTCCGCTCTACCT,bind motif,-0.359138009,1.369707844,-5.7157574,-8.422512,1.0,0,3,6,4
GCAGTGCCCATTCCGCTC,bind motif,1.783436296,1.555826732,13.504485,-11.94506,1.0,5,1,7,6
ACATCACCCATTCCGCTA,bind motif,2.436514257,1.745433876,18.440872,-12.690061,1.0,5,1,7,6
GGACGAGCCCATTCCGCT,bind motif,-1.579868216,-0.189862558,1.0550236,11.527612,1.0,0,5,0,5
AACTCAGCACATTCCGCT,bind motif,-1.828147225,1.127126392,-19.610378,13.342227,1.0,0,0,2,3
ACGTCCCATTCCGCTCCA,bind motif,3.053846462,-1.28555399,9.457425,-29.827684,1.0,2,2,3,2
AAAACACCTCATTCCGCT,bind motif,-0.954436539,-1.778030338,11.132326,16.144754,1.0,0,5,0,5
CGTGCACATTCCGCTCCT,bind motif,1.86043645,-1.95261144,14.42787,-36.420807,1.0,2,2,3,2
ATTGCCACACATTCCGCT,bind motif,-1.891185784,0.37825015,-7.691962,21.738012,1.0,0,8,2,3
AACGACACATTCCGCTCT,bind motif,1.601316071,2.261114663,-10.422952,-25.585672,1.0,1,4,4,1
TACCTCATTCCGCTTCGT,bind motif,1.591104545,-1.176032946,21.32087,1.0114238,1.0,4,7,5,0
CGGTCCCATTCCGCTCTG,bind motif,2.651320638,-1.687266507,16.227781,-34.392746,1.0,2,2,3,2
AGTCCACATTCCGCTCAT,bind motif,1.641616337,-2.033027234,10.770131,-37.111897,1.0,2,2,3,2
GACCACATTCCGCTACAT,bind motif,0.31254816,-0.572416197,20.512436,5.0941916,1.0,4,7,5,0
ACACCTACTCATTCCGCT,bind motif,-1.236791121,-1.816529441,6.6628575,19.602785,1.0,0,5,0,5
ATCTCCCCTCATTCCGCT,bind motif,-1.123030877,-1.578433363,7.7122803,24.84112,1.0,0,5,0,5
AGTCCACATTCCGCTCTA,bind motif,3.618827325,-1.642742984,11.159975,-28.473969,1.0,2,2,3,2
AACGTACACATTCCGCTC,bind motif,2.026703119,1.508689512,16.917213,-12.042636,1.0,5,1,7,6
AGCAACACATTCCGCTCG,bind motif,2.023522414,1.94105813,-11.821553,-26.869102,1.0,1,4,4,1
ATTCCCATTCCGCTCGCT,bind motif,0.657066541,-0.677610643,26.220503,11.03633,1.0,4,7,5,0
AATGCCACACATTCCGCT,bind motif,-1.858341704,0.671216257,-13.97511,17.692696,1.0,0,8,2,3
GATCTAACCCATTCCGCT,bind motif,-1.517365852,-0.309651444,-13.180356,24.84999,1.0,0,8,2,3
GGCACATTCCGCTCTCTC,bind motif,2.031387048,0.854632849,-20.420507,-12.2857685,1.0,3,6,8,1
TAAGCCGCACATTCCGCT,bind motif,-1.926675738,0.865178243,-1.4772854,-0.26964653,1.0,0,3,6,4
TACACCACCCATTCCGCT,bind motif,-1.572594063,-0.571267116,2.3250928,6.757972,1.0,0,3,0,4
AACCCATTCCGCTCCCTA,bind motif,1.910772669,1.815430831,-21.991026,-12.556385,1.0,3,6,8,1
GCACGACCCATTCCGCTG,bind motif,1.57956851,1.159407501,14.334607,-9.447009,1.0,5,1,7,6
AATCATTCACATTCCGCT,bind motif,-2.154949646,1.381127897,-10.354435,7.184243,1.0,0,0,1,3
AACGGCTCATTCCGCTCA,bind motif,2.738066862,3.43022603,-8.277042,-21.203712,1.0,1,4,4,1
GCCAACACTCATTCCGCT,bind motif,-1.033104229,-2.126522937,8.98669,9.732841,1.0,0,5,0,5
TGCCCGCATTCCGCTCGG,bind motif,2.333972012,-2.02963045,18.055443,-31.837461,1.0,2,2,3,2
ACTTGCCCTCATTCCGCT,bind motif,-1.130176321,-1.257637645,10.463927,25.128193,1.0,0,5,0,5
AACCACCTCATTCCGCTC,bind motif,1.883876003,1.895976461,17.315952,-7.5071454,1.0,5,1,7,6
ACACTTCCACATTCCGCT,bind motif,-2.099933293,0.698018715,-7.235288,12.607347,1.0,0,8,2,3
GCCCATTCCGCTTCATCT,bind motif,-1.560079,1.05704801,-8.035934,2.8985279,1.0,0,3,6,4
ACCTTCCCATTCCGCTCG,bind motif,1.931483651,2.72964892,-9.324212,-22.37377,1.0,1,4,4,1
GCACTCCCATTCCGCTCA,bind motif,2.799828938,2.587064031,-6.8642693,-21.721642,1.0,1,4,4,1
ATGACTGCTCATTCCGCT,bind motif,-1.34439031,-1.541830484,3.99213,21.59871,1.0,0,5,0,5
ACACCCATTCCGCTTCAT,bind motif,1.162737796,-1.227695716,25.213095,8.233295,1.0,4,7,5,0
AGCCCTGCTCATTCCGCT,bind motif,-1.334075169,-1.369335376,5.019704,20.462854,1.0,0,5,0,5
ACACATTCCGCTCCTCCT,bind motif,0.285653771,0.479574807,-2.7637856,-8.7587,1.0,0,3,6,4
GCGAACTCATTCCGCTCG,bind motif,1.898888836,2.735016251,-15.086339,-23.832853,1.0,1,4,4,1
GCCACATTCCGCTCCAGT,bind motif,0.508918182,0.933715396,-19.464312,-9.339462,1.0,3,6,8,1
ACACATTCCGCTCATACT,bind motif,0.293990271,0.223758297,-2.6019304,-7.9794035,1.0,0,3,6,4
CAACCCCATTCCGCTCGA,bind motif,3.327233793,-1.592664116,13.793548,-28.477947,1.0,2,2,3,2
GGCATAACCCATTCCGCT,bind motif,-1.5135967,-0.736199166,-1.2419115,12.951296,1.0,0,5,0,5
ATCCACACATTCCGCTCA,bind motif,2.855894216,2.22877194,-8.881409,-27.14511,1.0,1,4,4,1
ATCCCACATTCCGCTCCT,bind motif,1.880278442,-2.234051196,12.988092,-35.705753,1.0,2,2,3,2
AACACCGCATTCCGCTCT,bind motif,1.528924857,2.521107525,-12.826088,-23.965319,1.0,1,4,4,1
TCACCCATTCCGCTACTA,bind motif,2.26967713,-0.358152177,24.079159,2.3975894,1.0,4,7,5,0
AACCCATTCCGCTCGCGA,bind motif,1.962816489,1.607328901,-22.667341,-11.728074,1.0,3,6,8,1
GTCAACCCATTCCGCTCG,bind motif,1.963328804,1.994856078,-13.170751,-28.222643,1.0,1,4,4,1
TGCCCATTCCGCTCTCAG,bind motif,0.892371076,0.802265182,-19.733908,-6.2745957,1.0,3,6,8,1
ACCACATTCCGCTCTCTC,bind motif,2.052584701,1.04719341,-21.74186,-11.220754,1.0,3,6,8,1
TGCACCCATTCCGCTCTA,bind motif,3.528642918,-1.956823548,15.175287,-25.765734,1.0,2,2,3,2
CAGCAACCTCATTCCGCT,bind motif,-0.972873272,-1.615466101,13.356351,15.607212,1.0,0,5,0,5
TACGACACCCATTCCGCT,bind motif,-1.578194763,-0.33854296,-1.9327397,6.4397826,1.0,0,3,6,4
AACCTCACATTCCGCTCA,bind motif,2.851678442,2.585398498,-7.164147,-22.899067,1.0,1,4,4,1
ACACGCACTCATTCCGCT,bind motif,-1.048194059,-1.914337705,9.749071,20.227896,1.0,0,5,0,5
GCATCCTCATTCCGCTCG,bind motif,1.876292787,3.032888031,-11.149919,-20.926615,1.0,1,4,4,1
AACGCGACACATTCCGCT,bind motif,-1.942128665,0.626465635,-12.512486,13.33184,1.0,0,8,2,3
ACCTTGCCCATTCCGCTC,bind motif,1.776364823,1.829836493,14.459636,-12.912283,1.0,5,1,7,6
ACAACCGCATTCCGCTCT,bind motif,1.526320937,2.371319741,-13.584611,-24.584738,1.0,1,4,4,1
ACACCTCCACATTCCGCT,bind motif,-2.075226723,0.655578414,-8.982821,9.989411,1.0,0,8,0,3
ATGGTCACCCATTCCGCT,bind motif,-1.641068366,-0.373358414,-5.4682975,19.128813,1.0,0,8,2,3
GTCGCACCTCATTCCGCT,bind motif,-1.023828336,-1.859824916,5.5626283,12.866227,1.0,0,5,0,5
ATACACCCATTCCGCTCT,bind motif,1.546797133,2.035402496,-13.715432,-26.771963,1.0,1,4,4,1
GGCCGACCACATTCCGCT,bind motif,-1.815696246,0.357827796,0.004323317,12.414731,1.0,0,5,0,5
AGCCCATTCCGCTCCCAT,bind motif,-0.088334373,1.229835842,-22.025751,-7.457031,1.0,3,6,8,1
AACTCACACATTCCGCTC,bind motif,2.042432696,1.593221365,17.846916,-11.862589,1.0,5,1,7,6
AACACTCATTCCGCTCCA,bind motif,2.899119226,-1.501919081,8.252869,-28.141191,1.0,2,2,3,2
AAGCACACTCATTCCGCT,bind motif,-1.029227676,-1.754857807,13.071945,16.950377,1.0,0,5,0,5
CTAGCACATTCCGCTCTG,bind motif,2.766512991,-2.075673066,14.724706,-31.881697,1.0,2,2,3,2
TAACCAACACATTCCGCT,bind motif,-1.739231657,0.185974864,-0.27261016,6.78372,1.0,0,3,0,4
ACACATTCCGCTGCGTTG,bind motif,0.284826045,0.990776883,-1.0578562,-6.7891307,1.0,0,3,6,4
ACGAGCACATTCCGCTCA,bind motif,2.853716586,2.39168324,-7.930384,-25.815317,1.0,1,4,4,1
AGCATACACATTCCGCTC,bind motif,2.022761051,1.059434467,15.449949,-13.347732,1.0,5,1,7,6
GACACACCTCATTCCGCT,bind motif,-0.973030271,-1.820803115,9.731692,11.475043,1.0,0,5,0,5
AGCCAGTCCCATTCCGCT,bind motif,-1.793202431,0.280121673,-12.234042,4.0751243,1.0,0,0,1,4
AGCAGCACTCATTCCGCT,bind motif,-1.0585092,-2.086832813,8.585346,20.122488,1.0,0,5,0,5
ACCAGCCCCCATTCCGCT,bind motif,-1.619516893,-0.258986037,-5.5381727,15.071628,1.0,0,8,2,3
TCGCACTCACATTCCGCT,bind motif,-1.971977658,0.96995391,-5.2190366,0.37397256,1.0,0,3,6,4
AATTCACCACATTCCGCT,bind motif,-1.80583948,0.985032713,-15.941283,18.041088,1.0,0,8,2,3
ATGAAGGCTCATTCCGCT,bind motif,-1.231561852,-1.622564842,4.8820944,21.988787,1.0,0,5,0,5
GACACTGCCCATTCCGCT,bind motif,-1.846411512,0.087930914,-6.8964224,5.0049396,1.0,0,3,6,4
GATACAACACATTCCGCT,bind motif,-1.750162171,0.262852551,-12.415238,22.266422,1.0,0,8,2,3
GCATACACACATTCCGCT,bind motif,-1.851130745,0.428010455,-15.810909,12.255523,1.0,0,0,2,3
AGCACTACCCATTCCGCT,bind motif,-1.780066025,-0.505191651,0.97657996,20.13123,1.0,0,5,2,5
ACCACTCCTCATTCCGCT,bind motif,-1.275154193,-1.64501067,6.5617414,17.665276,1.0,0,5,0,5
TCACCTCACATTCCGCTA,bind motif,2.167131213,1.354872621,10.785021,-10.467279,1.0,5,1,7,6
ACAAGCACATTCCGCTCT,bind motif,1.591959567,1.899822872,-13.04591,-25.418262,1.0,1,4,4,1
TCAACATCACATTCCGCT,bind motif,-1.858190563,0.700422869,1.0264776,-0.10591109,1.0,0,3,6,4
GACAACCCTCATTCCGCT,bind motif,-1.06115216,-1.782509058,9.990257,10.186932,1.0,0,5,0,5
ATCACAGCCCATTCCGCT,bind motif,-1.567580446,-0.288672624,-13.069511,0.1354456,1.0,0,3,1,4
TAGACCCATTCCGCTCCT,bind motif,1.797905796,-2.098768408,18.897596,-34.047623,1.0,2,2,3,2
TACACACCACATTCCGCT,bind motif,-1.777594728,0.357493634,0.57031375,4.456766,1.0,0,3,6,4
ACTACCCATTCCGCTCCA,bind motif,3.072433334,-1.614338035,8.49432,-30.568722,1.0,2,2,3,2
ACTACAACCCATTCCGCT,bind motif,-1.48438069,-0.481814075,-11.1781845,20.627882,1.0,0,8,2,3
TCAACAACACATTCCGCT,bind motif,-1.741202691,-0.038652659,0.57901,6.367973,1.0,0,3,0,4
AACAACCCTCATTCCGCT,bind motif,-1.050902534,-1.687603866,10.398505,15.338924,1.0,0,5,0,5
ACACATTCCGCTCCTCCC,bind motif,1.137950592,0.737971833,-1.8299555,-8.889512,1.0,0,3,6,4
CACATTCCGCTCGAACAT,bind motif,0.436110831,0.624147138,-26.52098,11.83812,1.0,-1,0,1,3
GATAGCACACATTCCGCT,bind motif,-1.862990629,0.343586908,-13.004454,23.264877,1.0,0,8,2,3
AACATCACCCATTCCGCT,bind motif,-1.581926194,-0.386469028,-6.845799,15.271027,1.0,0,8,2,3
AGGGACACATTCCGCTCG,bind motif,1.997224322,2.247134852,-9.712657,-26.19534,1.0,1,4,4,1
AAGGCACACATTCCGCTC,bind motif,2.043065583,1.518381626,17.292294,-10.82306,1.0,5,1,7,6
ACGCCGCCACATTCCGCT,bind motif,-1.991439763,0.700329037,-10.972365,13.531375,1.0,0,8,2,3
TACGCAGCACATTCCGCT,bind motif,-1.834544671,0.857796451,-0.6492525,0.34647685,1.0,0,3,6,4
AGCACCCATTCCGCTCCT,bind motif,1.799728287,-2.203853773,11.324159,-34.723816,1.0,2,2,3,2
TCACCACATTCCGCTGTG,nonbind motif,2.665403087,-1.928548729,17.865326,-29.80802,0.0,2,2,3,2
ATCCACGCACATTCCGCT,nonbind motif,-1.931159208,0.618510035,-11.361895,0.9238593,0.0,0,3,1,4
ATCGATACACATTCCGCT,nonbind motif,-2.063094634,0.371793585,-3.458989,23.385933,0.0,0,8,2,5
TCGCACGCACATTCCGCT,nonbind motif,-1.9329817,0.7235954,-4.4668345,0.7603631,0.0,0,3,6,4
TCACAGCCCCATTCCGCT,nonbind motif,-1.711292822,-0.30943018,-2.741254,4.48524,0.0,0,3,6,4
ACAACCCATTCCGCTCCG,nonbind motif,2.245168831,-2.029132306,12.200811,-32.64797,0.0,2,2,3,2
ACGTAGTCACATTCCGCT,nonbind motif,-2.075032378,1.425770212,-15.28708,8.555338,0.0,0,0,1,3
ACAACGCCGCATTCCGCT,nonbind motif,-1.432814794,-1.014740844,5.268437,17.927956,0.0,0,5,0,5
GACCATCACATTCCGCTA,nonbind motif,2.187213231,1.530892851,10.400871,-11.542006,0.0,5,1,7,6
ACGGGCCACATTCCGCTG,nonbind motif,1.493140687,1.372262102,16.116192,-11.40279,0.0,5,1,7,6
TCACCACATTCCGCTGTT,nonbind motif,2.239254676,-2.057747242,18.87385,-30.53335,0.0,2,2,3,2
TCACCACATTCCGCTATG,nonbind motif,2.908869735,-2.275930618,17.777838,-28.16629,0.0,2,2,3,2
ACACCACATTCCGCTGTG,nonbind motif,2.680777525,-1.78619094,14.443153,-30.736874,0.0,2,2,3,2
CGCACACCCCATTCCGCT,nonbind motif,-1.522761275,-0.48482836,1.2472095,13.594955,0.0,0,5,0,5
ATCAACGCACATTCCGCT,nonbind motif,-1.922182216,0.491537882,-11.766486,0.23403803,0.0,0,3,1,4
ACGGGCCACATTCCGCTC,nonbind motif,1.919289097,1.501460615,16.080187,-12.188758,0.0,5,1,7,6
CTTGGTGCTCATTCCGCT,nonbind motif,-1.388166499,-1.261986208,3.136077,24.194872,0.0,0,5,0,5
TCACCACATTCCGCTTTG,nonbind motif,2.543669762,-1.754857784,19.71816,-30.046654,0.0,2,2,3,2
AGCCACATTCCGCTCTTT,nonbind motif,1.041166578,-0.529956835,23.669035,10.635859,0.0,4,7,5,0
ACGGGCCACATTCCGCTA,nonbind motif,2.345437508,1.630659128,16.72063,-12.97543,0.0,5,1,7,6
TCACACCCCCATTCCGCT,nonbind motif,-1.610817648,-0.368944387,-1.4967145,4.253935,0.0,0,3,6,4
TCGCATGCACATTCCGCT,nonbind motif,-2.133932047,0.842623815,-6.288224,2.313966,0.0,0,3,6,4
CCGTAGTCACATTCCGCT,nonbind motif,-2.08015719,1.378317616,-14.9403105,7.8581014,0.0,0,0,1,3
GTCCACGCACATTCCGCT,nonbind motif,-1.941408834,0.523604843,-8.37963,-0.87470186,0.0,0,3,6,4
TCACCCCATTCCGCTATG,nonbind motif,2.808394561,-2.216416411,18.599026,-27.833078,0.0,2,2,3,2
CCCCCACATTCCGCTGTT,nonbind motif,2.241160195,-1.910709635,15.90346,-31.551462,0.0,2,2,3,2
TCCACCCCCCATTCCGCT,nonbind motif,-1.622538047,-0.422563976,1.6365453,5.807736,0.0,0,3,0,4
TCGAACGCACATTCCGCT,nonbind motif,-1.924004708,0.596623247,-4.7581573,1.6593663,0.0,0,3,6,4
TCGCCCGCACATTCCGCT,nonbind motif,-1.945334985,0.74481555,-3.760128,1.5458741,0.0,0,3,6,4
TCCACATTCCGCTTCGTG,nonbind motif,1.146190698,1.527990569,-17.1869,-11.590161,0.0,3,6,8,1
CTCCACGCACATTCCGCT,nonbind motif,-1.936284021,0.571057439,-10.325747,0.018640371,0.0,0,3,1,4
CCCACGCCCCATTCCGCT,nonbind motif,-1.712763595,-0.268144576,-5.6992407,9.870417,0.0,0,3,0,4
ACCACGCCGCATTCCGCT,nonbind motif,-1.441158901,-0.962608429,5.414016,17.182695,0.0,0,5,0,5
CCGGGCCACATTCCGCTG,nonbind motif,1.488015874,1.324809506,15.069301,-11.273046,0.0,5,1,7,6
ACCGATACACATTCCGCT,nonbind motif,-2.04119858,0.567104323,-12.397281,11.684942,0.0,0,8,2,3
TCACATTCCGCTACTGTG,nonbind motif,1.404925843,0.816275444,-0.29668912,-10.330351,0.0,0,3,6,4
TCACCACATTCCGCTGAG,nonbind motif,1.966637331,-1.93123744,20.025717,-32.51555,0.0,2,2,3,2
TCACCACATTCCGCTCTG,nonbind motif,2.787136411,-2.102239674,17.33373,-29.08857,0.0,2,2,3,2
CGCACCTCACATTCCGCT,nonbind motif,-1.967708244,0.809319315,-9.712572,1.1276493,0.0,0,3,1,4
AAGCCCTCCCATTCCGCT,nonbind motif,-1.691528596,0.489270769,-16.974487,5.6424084,0.0,0,0,1,3
CCACCACATTCCGCTGTG,nonbind motif,2.675652712,-1.833643537,15.352137,-30.678219,0.0,2,2,3,2
GCACCACATTCCGCTGTG,nonbind motif,2.670527899,-1.881096133,16.651842,-30.031054,0.0,2,2,3,2
ACTGGACCCATTCCGCTC,nonbind motif,1.981957235,1.666880604,18.233921,-10.753059,0.0,5,1,7,6
TCAACACATTCCGCTCTG,nonbind motif,2.796113403,-2.229211827,18.27409,-29.129303,0.0,2,2,3,2
ACAACCCATTCCGCTCAG,nonbind motif,2.012246913,-2.030028543,11.02836,-33.424133,0.0,2,2,3,2
ACCCACGCCCATTCCGCT,nonbind motif,-1.642783274,0.071904325,-13.765809,5.706558,0.0,0,0,1,3
TAACCACATTCCGCTGTG,nonbind motif,2.676351113,-1.83089336,19.129087,-29.211397,0.0,2,2,3,2
TCGCACGCCCATTCCGCT,nonbind motif,-1.666501819,-0.018321048,-3.627357,0.68460625,0.0,0,3,6,4
